{
  "name": "Extract all contained data",
  "author": "guenther@droppyapp.com",
  "description": "Extract all contained file formats and metadata from the dropped object and put it in a timestamped directory in Downloads.",
  "documentation": "https://docs.droppyapp.com/workflows/extract-all-contained-data",
  "image": "default.png",
  "interpreterName": "macOS pre-installed",
  "queue": [
    {
      "task": "FileSystem.CreateTimestampDirectory"
    },
    {
      "task": "FileSystem.CopyToDirectory",
      "kwargs": {
        "directory": "~/Downloads"
      }
    }
  ]
}
