{
    "name": "500px folder.jpg",
    "author": "guenther@droppyapp.com",
    "description": "Convert any dropped image to a 500x500px jpg file and rename it to 'folder.jpg'.",
    "image": "folder.png",
    "interpreterName": "macOS pre-installed",
    "queue": [
        {
            "task": "FileSystem.Rename",
            "kwargs":
            {
                "name": "folder.jpg"
            }
        },
        {
            "task": "Image.Resize",
            "kwargs":
            {
                "height": 500,
                "width": 500
            }
        },
        {
            "task": "Image.Convert",
            "kwargs":
            {
                "extension": ".jpg"
            }
        },
        {
            "task": "FileSystem.CopyToSourceDirectory",
            "kwargs": {
                "overwrite_existing": false
            }
        }
    ]
}
