{
    "name": "Convert for Kindle",
    "author": "guenther@droppyapp.com",
    "description": "Convert any dropped ebook format so that Amazon's Kindle supports it (mobi format).",
    "image": "convert_for_kindle.png",
    "interpreterName": "macOS pre-installed",
    "accepts": ["filename"],
    "tasks": [
        {
            "task": "Calibre.Convert",
            "params":
            {
                "extension": ".mobi"
            }
        },
        {
            "task": "FileSystem.CopyToSourceDirectory",
            "params": { }
        }
    ]
}