{
    "name": "Copy to Documents",
    "author": "guenther@droppyapp.com",
    "description": "Copy files or folders to my documents folder, leaving the originals in place.",
    "image": "folder.png",
    "interpreterName": "macOS pre-installed",
    "queue": [
        {
            "task": "FileSystem.CopyToDirectory",
            "kwargs":
            {
                "directory": "/Users/guenther/Documents",
                "create_directory": false,
                "overwrite_existing": false
            }
        }
    ]
}
