{
    "name": "Flac to iTunes",
    "author": "guenther@droppyapp.com",
    "description": "Convert any dropped FLAC file to an mp3 and import it into iTunes.",
    "image": "flac_to_itunes.png",
    "interpreterName": "macOS pre-installed",
    "queue": [
        {
            "task": "Filter.ByExtensions",
            "kwargs":
            {
                "extensions": [".flac"]
            }
        },
        {
            "task": "Audio.FlacToMp3",
            "kwargs":
            {
                "quality": "V0",
                "extension": ".mp3"
            }
        },
        {
            "task": "FileSystem.CopyToDirectory",
            "kwargs": {
                "directory": "/Users/guenther/Music/iTunes/iTunes Media/Automatically Add to iTunes.localized"
            }
        }
    ]
}
