{
    "name": "Markdown ToC",
    "author": "guenther@droppyapp.com",
    "description": "Prepend a Table of Contents to a markdown file.",
    "image": "",
    "interpreterName": "default",
    "accepts": ["filename"],
    "tasks": [
        {
            "task": "Markdown.AddToc",
            "params":
            {
                "toc_header": "# Table of Contents"
            }
        },
        {
            "task": "FileSystem.DeleteOriginals",
            "params": {
                "original": "trash"
            }
        }
    ]
}