{
    "name": "Move to Documents",
    "author": "guenther@droppyapp.com",
    "description": "Copy files or folders to my documents folder, and delete the originals to macOS Trash.",
    "image": "folder.png",
    "interpreterName": "macOS pre-installed",
    "queue": [
        {
            "task": "FileSystem.CopyToDirectory",
            "kwargs":
            {
                "directory": "/Users/guenther/Documents",
                "create_directory": false,
                "overwrite_existing": false
            }
        },
        {
            "task": "FileSystem.DeleteOriginals",
            "kwargs":
            {
                "delete_to_trash": true
            }
        }
    ]
}
