{
    "name": "Rotate Images +90°",
    "author": "guenther@droppyapp.com",
    "description": "Rotate any dropped image clockwise by 90 degrees, overwriting the source file.",
    "image": "rotate.png",
    "interpreterName": "macOS pre-installed",
    "queue": [
        {
            "task": "Image.Rotate",
            "kwargs":
            {
                "degrees": -90.0
            }
        },
        {
            "task": "FileSystem.CopyToSourceDirectory",
            "kwargs":
            {
                "overwrite_existing": true
            }
        }
    ]
}
