{
  "name": "Browser image to Pictures",
  "author": "guenther@droppyapp.com",
  "description": "Save an image from a website to the Pictures folder as jpg.",
  "documentation": "https://docs.droppyapp.com/workflows/browser-image-to-pictures",
  "image": "folder-pictures.png",
  "interpreterName": "macOS pre-installed",
  "queue": [
    {
      "task": "Filter.ByUTIs",
      "kwargs":
      {
        "utis": ["public.tiff"]
      }
    },
    {
      "task": "Image.Convert",
      "kwargs":
      {
        "extension": "jpg"
      }
    },
    {
      "task": "FileSystem.Rename",
      "kwargs":
      {
        "name": "_downloaded_image.jpg",
        "timestamp_prefix": true
      }
    },
    {
      "task": "FileSystem.CopyToDirectory",
      "kwargs":
      {
        "directory": "~/Pictures"
      }
    }
  ]
}
